id_code,true_grade,notebook_prediction,app_prediction,largest_probability_difference,same_grade
d9ad2a0ec026,0,0,0,0.00015,True
c80b0f27541a,0,0,0,0.00088,True
991a0b7a8c87,0,0,0,0.00021,True
568455854a11,0,0,0,0.00027,True
4ef16a53d899,0,0,0,0.00038,True
eda29a9d78f3,0,0,0,0.00073,True
f580566e27f5,0,0,0,0.00054,True
e68746d426b2,0,0,0,0.00013,True
17f6c7072f61,0,0,0,0.00016,True
ebf4b22240f4,0,0,0,0.00025,True
ca7140ecf389,1,2,2,0.00561,True
a28bfb772f50,1,2,2,0.00206,True
cfd1bd0fcbb4,1,0,0,0.00088,True
01b3aed3ed4c,1,1,1,0.00097,True
3ee17aa12e46,1,1,1,0.00078,True
8ff863f8874f,1,2,2,0.00228,True
059bc89df7f4,1,2,2,0.00364,True
9ed666e982cd,1,2,2,0.00065,True
05a5183c92d0,1,1,1,0.00033,True
82ac8463fadd,1,0,0,0.00137,True
89ee1fa16f90,2,2,2,0.00111,True
7877be80901c,2,2,2,0.00058,True
74418f620068,2,1,1,0.00447,True
d2c6b99ef62c,2,2,2,0.00038,True
e65f94ad9be3,2,2,2,0.001,True
9a4f370d341b,2,2,2,0.00264,True
3ffa14d60b24,2,2,2,0.00094,True
8446826853d0,2,1,1,0.00393,True
b99794a0beed,2,2,2,0.00134,True
8d7bb0649a02,2,2,2,0.0033,True
070f67572d03,3,2,2,0.00548,True
24b87f744598,3,2,2,0.00084,True
7a6e384a0846,3,2,2,0.00205,True
8b76c3c5cb3e,3,3,3,0.00174,True
25b0e72705a8,3,4,4,0.00344,True
b019a49787c1,3,4,4,0.00079,True
fcc6aa6755e6,3,4,4,0.0007,True
19244004583f,3,4,4,0.00018,True
4b618537d52f,3,2,2,0.0011,True
c3cd0200df79,3,3,3,0.00056,True
3ac3fbfca7d4,4,4,4,0.0011,True
211518c46162,4,4,4,0.00295,True
8eeac97f02f0,4,4,4,0.00164,True
7c90ab025331,4,4,4,0.0018,True
1638404f385c,4,4,4,0.00639,True
c6a145742708,4,4,4,0.001,True
cbd0870aa933,4,3,3,0.00293,True
f5e6226bd2e0,4,3,3,0.0026,True
034cb07a550f,4,4,4,0.00022,True
e4730ddde408,4,2,2,0.00066,True
