epoch,phase,learning_rate,train_loss,train_accuracy,train_qwk,val_loss,val_accuracy,val_qwk
1,phase_1_head_only,0.001,1.1068134690651985,0.6550916894264533,0.5550654501496315,0.9836621684020551,0.7213114754098361,0.7095536908313371
2,phase_1_head_only,0.001,0.972368146402967,0.7136168552477565,0.7028299090990504,0.933458974669757,0.7285974499089253,0.7258115177575357
3,phase_1_head_only,0.001,0.9322775997689493,0.7381974248927039,0.7420310461621195,0.9211243825314909,0.7449908925318761,0.7469838196258043
4,phase_1_head_only,0.001,0.9159073380813718,0.7346859149434257,0.7507971456157394,0.9103524127944571,0.7449908925318761,0.7581564384240522
5,phase_1_head_only,0.001,0.9207196550540425,0.740538431525556,0.7443892296168317,0.9167509665254687,0.7595628415300546,0.773326816465358
6,phase_2_fine_tuning,0.0001,0.8569031392416356,0.7705813499804917,0.802905048707114,0.8344927620149484,0.7887067395264117,0.7973937560170541
7,phase_2_fine_tuning,9.96057350657239e-05,0.7923202669299584,0.8049161139289894,0.8645205817999134,0.8107398309777126,0.7959927140255009,0.8149925119688552
8,phase_2_fine_tuning,9.842915805643155e-05,0.7366269945958793,0.8357393679282091,0.8777147160323218,0.8107415590781332,0.7978142076502732,0.8307157963513816
9,phase_2_fine_tuning,9.648882429441257e-05,0.7018044019089609,0.8607101053452985,0.9077668193118298,0.7787026111002611,0.8105646630236795,0.8476766950337609
10,phase_2_fine_tuning,9.381533400219318e-05,0.6681579650262348,0.8677331252438548,0.9165378135474267,0.7890525831550849,0.8051001821493625,0.8606643769346628
11,phase_2_fine_tuning,9.045084971874738e-05,0.655986517842189,0.871244635193133,0.9094448087013635,0.7683964845044148,0.8269581056466302,0.8736262652171339
12,phase_2_fine_tuning,8.644843137107059e-05,0.6383360780127292,0.8813889972688256,0.9255999183262356,0.7660703554288069,0.8178506375227687,0.878874279240864
13,phase_2_fine_tuning,8.18711994874345e-05,0.6176702096226901,0.8981662114709325,0.9371171833433147,0.7669449506127335,0.8342440801457195,0.879926207917434
14,phase_2_fine_tuning,7.679133974894983e-05,0.5977627632211439,0.9098712446351931,0.9443545874009596,0.8095408760567615,0.7978142076502732,0.866824719660779
15,phase_2_fine_tuning,7.128896457825363e-05,0.5851639281759213,0.9110417479516192,0.9391978926926754,0.8173157574374819,0.8142076502732241,0.8626097995454453
16,phase_2_fine_tuning,6.545084971874737e-05,0.5669074782253567,0.9289894654701522,0.9552963916191405,0.7816334172459031,0.8306010928961749,0.8864563020741003
17,phase_2_fine_tuning,5.936906572928624e-05,0.5506981619623923,0.9352321498244245,0.9554180737573831,0.8264878980666127,0.8178506375227687,0.8712199934232161
18,phase_2_fine_tuning,5.313952597646568e-05,0.5387267621290018,0.9367928209129925,0.9664189643708152,0.8095311064320618,0.8160291438979964,0.8769755851610526
19,phase_2_fine_tuning,4.6860474023534335e-05,0.533010049950923,0.945766679672259,0.9671180805653762,0.8052709104259157,0.8214936247723132,0.8722818536062089
20,phase_2_fine_tuning,4.0630934270713774e-05,0.5227831509073312,0.9500585251658213,0.9727851776669076,0.7972888560025853,0.8160291438979964,0.8799039615846338
21,phase_2_fine_tuning,3.454915028125265e-05,0.5164705021884634,0.9559110417479516,0.9712800223083482,0.8064822631672649,0.8233151183970856,0.883879216453838
22,phase_2_fine_tuning,2.871103542174637e-05,0.5105492693578829,0.9570815450643777,0.9700276094189962,0.8076964831743084,0.8142076502732241,0.8790826633618605
