architecture,image_size,seconds_per_training_step,peak_memory_gigabytes,fits_in_memory,estimated_training_minutes
efficientnet_b3,224,0.1535,2.95,True,8.8
efficientnet_b3,256,0.1864,3.78,True,10.7
efficientnet_b3,288,0.24,4.75,True,13.8
efficientnet_b3,320,0.2914,5.8,True,16.8
efficientnet_b3,352,0.3578,6.99,True,20.6
efficientnet_b3,384,0.411,8.23,True,23.7
efficientnet_b3,416,0.4901,9.66,True,28.2
efficientnet_b3,448,0.5593,11.21,True,32.2
efficientnet_b3,480,0.6516,12.79,True,37.5
efficientnet_b3,512,0.7138,14.48,False,41.1
efficientnet_b0,224,0.0754,1.52,True,4.3
efficientnet_b0,256,0.0913,1.96,True,5.3
efficientnet_b0,288,0.1174,2.45,True,6.8
efficientnet_b0,320,0.1431,2.99,True,8.2
efficientnet_b0,352,0.1755,3.59,True,10.1
efficientnet_b0,384,0.2008,4.26,True,11.6
efficientnet_b0,416,0.2398,5.0,True,13.8
efficientnet_b0,448,0.2731,5.76,True,15.7
efficientnet_b0,480,0.3184,6.6,True,18.3
efficientnet_b0,512,0.3489,7.48,True,20.1
resnet50,224,0.1623,1.78,True,9.3
resnet50,256,0.1977,2.19,True,11.4
resnet50,288,0.2937,4.08,True,16.9
resnet50,320,0.3573,4.41,True,20.6
resnet50,352,0.4173,4.76,True,24.0
resnet50,384,0.4769,5.14,True,27.4
resnet50,416,0.5755,5.57,True,33.1
resnet50,448,0.6575,6.03,True,37.8
resnet50,480,0.7636,6.71,True,44.0
resnet50,512,0.8417,13.75,True,48.4
