image_size,mean_ssim_kept,ci95_half_width,gain_from_next_size_up,all_three_models_fit_in_memory,estimated_minutes_all_three_models,time_compared_with_size_used
224,0.963,0.003,0.0034,True,22.4,0.3573
256,0.9665,0.0027,0.0036,True,27.4,0.437
288,0.97,0.0025,0.0032,True,37.5,0.5981
320,0.9732,0.0023,0.0022,True,45.6,0.7273
352,0.9754,0.0021,0.002,True,54.7,0.8724
384,0.9774,0.0019,0.0021,True,62.7,1.0
416,0.9795,0.0017,0.0018,True,75.1,1.1978
448,0.9814,0.0016,0.0014,True,85.7,1.3668
480,0.9828,0.0014,0.0015,True,99.8,1.5917
512,0.9843,0.0013,,False,109.6,1.748
