id_code,diagnosis,image_size,ssim_kept
ef5155990874,0,224,0.9413812157804419
ef5155990874,0,256,0.9457862986078514
ef5155990874,0,288,0.950209927759558
ef5155990874,0,320,0.9547403860671936
ef5155990874,0,352,0.9591742481223424
ef5155990874,0,384,0.9635884002739119
ef5155990874,0,416,0.9676893815832652
ef5155990874,0,448,0.9715094739054413
ef5155990874,0,480,0.9748956921861885
ef5155990874,0,512,0.9778155917498981
0a85a1e8f9e9,0,224,0.9473984701794645
0a85a1e8f9e9,0,256,0.9575679079833588
0a85a1e8f9e9,0,288,0.9653764133373672
0a85a1e8f9e9,0,320,0.9710476403229126
0a85a1e8f9e9,0,352,0.9749998176216138
0a85a1e8f9e9,0,384,0.9777851049813762
0a85a1e8f9e9,0,416,0.9799842435638699
0a85a1e8f9e9,0,448,0.9822536614381394
0a85a1e8f9e9,0,480,0.9841856428980383
0a85a1e8f9e9,0,512,0.985943233332245
6a2642131e4a,0,224,0.9471300696359491
6a2642131e4a,0,256,0.9518299199622595
6a2642131e4a,0,288,0.9564366321624791
6a2642131e4a,0,320,0.9608743572554499
6a2642131e4a,0,352,0.9652278519163778
6a2642131e4a,0,384,0.9692003815947935
6a2642131e4a,0,416,0.9729908166823559
6a2642131e4a,0,448,0.9762985562327189
6a2642131e4a,0,480,0.9792291550351747
6a2642131e4a,0,512,0.9816981269587894
8a8a251770cd,0,224,0.9368187946096987
8a8a251770cd,0,256,0.9419851721733428
8a8a251770cd,0,288,0.9472913059578729
8a8a251770cd,0,320,0.9526234856120032
8a8a251770cd,0,352,0.9576725679924417
8a8a251770cd,0,384,0.9625873168544359
8a8a251770cd,0,416,0.9671966989633061
8a8a251770cd,0,448,0.9711355960617536
8a8a251770cd,0,480,0.9748017761584458
8a8a251770cd,0,512,0.9779175814425448
ac1667fac512,0,224,0.9435941157995299
ac1667fac512,0,256,0.9497259740693254
ac1667fac512,0,288,0.9549473680839948
ac1667fac512,0,320,0.9598211345102253
ac1667fac512,0,352,0.9646521952144448
ac1667fac512,0,384,0.9688958830969017
ac1667fac512,0,416,0.9726378251492279
ac1667fac512,0,448,0.9762057355385103
ac1667fac512,0,480,0.9791259945168904
ac1667fac512,0,512,0.9818003889816094
78937523f7a8,0,224,0.959524248117902
78937523f7a8,0,256,0.9675657647735418
78937523f7a8,0,288,0.9736181180708859
78937523f7a8,0,320,0.9788980085573769
78937523f7a8,0,352,0.983062218804045
78937523f7a8,0,384,0.9862685044039833
78937523f7a8,0,416,0.9887367704684176
78937523f7a8,0,448,0.9909042493016615
78937523f7a8,0,480,0.9919777599535718
78937523f7a8,0,512,0.9930736288723186
42af7282349b,0,224,0.9845118822438208
42af7282349b,0,256,0.9866078681589877
42af7282349b,0,288,0.9879222217337569
42af7282349b,0,320,0.9886309981807594
42af7282349b,0,352,0.9889385605009504
42af7282349b,0,384,0.9889151517257033
42af7282349b,0,416,0.9889962882920483
42af7282349b,0,448,0.9895304475198414
42af7282349b,0,480,0.9901106194238506
42af7282349b,0,512,0.9908423318469607
ff4832d55461,0,224,0.922050620799366
ff4832d55461,0,256,0.9267033760048784
ff4832d55461,0,288,0.9311070503123937
ff4832d55461,0,320,0.9352865575508349
ff4832d55461,0,352,0.9391858487021569
ff4832d55461,0,384,0.942999287514205
ff4832d55461,0,416,0.9467743392155827
ff4832d55461,0,448,0.9503255980210042
ff4832d55461,0,480,0.9536126153622824
ff4832d55461,0,512,0.9569352479581436
41345cec5957,0,224,0.9238600725006241
41345cec5957,0,256,0.9273827026075347
41345cec5957,0,288,0.9308069433077734
41345cec5957,0,320,0.9345459343348586
41345cec5957,0,352,0.9381705230898815
41345cec5957,0,384,0.9419180063296265
41345cec5957,0,416,0.9454376133903181
41345cec5957,0,448,0.9488140746992453
41345cec5957,0,480,0.9522136394624243
41345cec5957,0,512,0.9553886087694006
5077cdb88aed,0,224,0.9502829529974164
5077cdb88aed,0,256,0.9542675916526003
5077cdb88aed,0,288,0.9585320308498314
5077cdb88aed,0,320,0.9626469089808445
5077cdb88aed,0,352,0.9664943945919193
5077cdb88aed,0,384,0.9703692958997862
5077cdb88aed,0,416,0.9740143765604186
5077cdb88aed,0,448,0.9771314566154161
5077cdb88aed,0,480,0.979973642474401
5077cdb88aed,0,512,0.982330614712296
369229040a34,0,224,0.9457009458085426
369229040a34,0,256,0.9502611162665802
369229040a34,0,288,0.9548410245662653
369229040a34,0,320,0.9594533183483246
369229040a34,0,352,0.9639254093800113
369229040a34,0,384,0.9680136240734224
369229040a34,0,416,0.9719782868517433
369229040a34,0,448,0.975499510162847
369229040a34,0,480,0.9785390201781822
369229040a34,0,512,0.98107185549621
e4c799738a19,0,224,0.9521399363865386
e4c799738a19,0,256,0.95539842670277
e4c799738a19,0,288,0.9589761856141737
e4c799738a19,0,320,0.9627041430372385
e4c799738a19,0,352,0.9664107229911013
e4c799738a19,0,384,0.9702298437035676
e4c799738a19,0,416,0.9737473559078073
e4c799738a19,0,448,0.9769710626952467
e4c799738a19,0,480,0.9797021331876037
e4c799738a19,0,512,0.9821394347077281
4eabad7948cf,0,224,0.926255729032892
4eabad7948cf,0,256,0.9301135873973899
4eabad7948cf,0,288,0.9338686367782366
4eabad7948cf,0,320,0.9376011011308826
4eabad7948cf,0,352,0.9412655226443823
4eabad7948cf,0,384,0.9448169756465397
4eabad7948cf,0,416,0.9482579957299271
4eabad7948cf,0,448,0.9515521353146469
4eabad7948cf,0,480,0.9547835784919148
4eabad7948cf,0,512,0.9578883716864168
1d29cb2f4296,0,224,0.9630849335029074
1d29cb2f4296,0,256,0.9698557809975981
1d29cb2f4296,0,288,0.9745520140540473
1d29cb2f4296,0,320,0.9780693266651593
1d29cb2f4296,0,352,0.9806067573322086
1d29cb2f4296,0,384,0.9822474719529128
1d29cb2f4296,0,416,0.9838110831664447
1d29cb2f4296,0,448,0.9852640166737727
1d29cb2f4296,0,480,0.9867277208907123
1d29cb2f4296,0,512,0.9880202223126344
4c60f6fcea75,0,224,0.9850064136284674
4c60f6fcea75,0,256,0.9866456031488726
4c60f6fcea75,0,288,0.9884160812012361
4c60f6fcea75,0,320,0.9901538970581121
4c60f6fcea75,0,352,0.9917153975660128
4c60f6fcea75,0,384,0.9929601736262205
4c60f6fcea75,0,416,0.9938725524633788
4c60f6fcea75,0,448,0.9945231899069201
4c60f6fcea75,0,480,0.9948859251921439
4c60f6fcea75,0,512,0.9951565353051094
7f39c36469b5,0,224,0.9307106590723105
7f39c36469b5,0,256,0.9357808131985585
7f39c36469b5,0,288,0.9410017154112462
7f39c36469b5,0,320,0.9463878969904439
7f39c36469b5,0,352,0.9516821886077973
7f39c36469b5,0,384,0.9569067866369342
7f39c36469b5,0,416,0.9618215461393393
7f39c36469b5,0,448,0.9664106587370842
7f39c36469b5,0,480,0.9706997954265025
7f39c36469b5,0,512,0.9741660731101703
afc744fad65e,0,224,0.9342262412373931
afc744fad65e,0,256,0.9409111562059498
afc744fad65e,0,288,0.9474220650800425
afc744fad65e,0,320,0.9534302386015404
afc744fad65e,0,352,0.9588532724858705
afc744fad65e,0,384,0.9640580393750212
afc744fad65e,0,416,0.9685690673135732
afc744fad65e,0,448,0.9728440140692189
afc744fad65e,0,480,0.9763512135453399
afc744fad65e,0,512,0.9794337542672091
fa7fa797c650,0,224,0.9524603318787099
fa7fa797c650,0,256,0.9555891050860331
fa7fa797c650,0,288,0.9590821893698337
fa7fa797c650,0,320,0.9628222722029959
fa7fa797c650,0,352,0.966464434574034
fa7fa797c650,0,384,0.970294784832817
fa7fa797c650,0,416,0.9737198206691686
fa7fa797c650,0,448,0.9768429184860282
fa7fa797c650,0,480,0.9797345652781491
fa7fa797c650,0,512,0.9820357397744851
e59c5f345bb0,0,224,0.9328877255363829
e59c5f345bb0,0,256,0.9403369047950376
e59c5f345bb0,0,288,0.9467224988586621
e59c5f345bb0,0,320,0.9529938465478418
e59c5f345bb0,0,352,0.9587700512992678
e59c5f345bb0,0,384,0.9638112907706241
e59c5f345bb0,0,416,0.968475150324933
e59c5f345bb0,0,448,0.9726190195229768
e59c5f345bb0,0,480,0.976231268806891
e59c5f345bb0,0,512,0.9792485629318581
dee1031a76ae,0,224,0.9768354724623017
dee1031a76ae,0,256,0.9803696596757607
dee1031a76ae,0,288,0.983641220018714
dee1031a76ae,0,320,0.9865055931552433
dee1031a76ae,0,352,0.988939480886464
dee1031a76ae,0,384,0.9908535508902203
dee1031a76ae,0,416,0.9922758873557589
dee1031a76ae,0,448,0.9932080751360842
dee1031a76ae,0,480,0.9937750258995682
dee1031a76ae,0,512,0.9940970248417669
a19ecd0a706e,1,224,0.9712856401639023
a19ecd0a706e,1,256,0.9764858017397307
a19ecd0a706e,1,288,0.9793961156812215
a19ecd0a706e,1,320,0.9809999381216993
a19ecd0a706e,1,352,0.9818975757196484
a19ecd0a706e,1,384,0.9826476427303715
a19ecd0a706e,1,416,0.9838209407844761
a19ecd0a706e,1,448,0.9852730432105151
a19ecd0a706e,1,480,0.9869621993809734
a19ecd0a706e,1,512,0.9883413475920436
abdb365cacbc,1,224,0.9690005723357396
abdb365cacbc,1,256,0.9744254019029812
abdb365cacbc,1,288,0.9776040550572952
abdb365cacbc,1,320,0.9775176476946418
abdb365cacbc,1,352,0.9782970748736838
abdb365cacbc,1,384,0.9807708603398277
abdb365cacbc,1,416,0.9831226383660158
abdb365cacbc,1,448,0.9836921431359887
abdb365cacbc,1,480,0.9839711378644638
abdb365cacbc,1,512,0.9852451662157464
d6e26fe51dce,1,224,0.9739985329355678
d6e26fe51dce,1,256,0.9745845739437156
d6e26fe51dce,1,288,0.9803310354554109
d6e26fe51dce,1,320,0.9811926355969325
d6e26fe51dce,1,352,0.9838708164167725
d6e26fe51dce,1,384,0.9857570854442163
d6e26fe51dce,1,416,0.9863409559415577
d6e26fe51dce,1,448,0.9885604129622023
d6e26fe51dce,1,480,0.988412774357737
d6e26fe51dce,1,512,0.9902095420990245
4029d70e9d8a,1,224,0.9766520400485431
4029d70e9d8a,1,256,0.9777035760399151
4029d70e9d8a,1,288,0.9802312661076722
4029d70e9d8a,1,320,0.980693829962649
4029d70e9d8a,1,352,0.9826998671333634
4029d70e9d8a,1,384,0.9830208369852977
4029d70e9d8a,1,416,0.9844595489912015
4029d70e9d8a,1,448,0.9848464498293238
4029d70e9d8a,1,480,0.9860859180217704
4029d70e9d8a,1,512,0.9865116989479545
ca6842bfcbc9,1,224,0.9712446655762274
ca6842bfcbc9,1,256,0.974878165525635
ca6842bfcbc9,1,288,0.9782622247922663
ca6842bfcbc9,1,320,0.9788357259328745
ca6842bfcbc9,1,352,0.9788913443892706
ca6842bfcbc9,1,384,0.9802328627023088
ca6842bfcbc9,1,416,0.9826848836352852
ca6842bfcbc9,1,448,0.9840479485577105
ca6842bfcbc9,1,480,0.9845027425662498
ca6842bfcbc9,1,512,0.9850944896690175
5a091e8cd95c,1,224,0.9469194731504531
5a091e8cd95c,1,256,0.9555944590149534
5a091e8cd95c,1,288,0.9631105646827053
5a091e8cd95c,1,320,0.9664867970763306
5a091e8cd95c,1,352,0.9689229468401965
5a091e8cd95c,1,384,0.9722693553201494
5a091e8cd95c,1,416,0.976333043538319
5a091e8cd95c,1,448,0.9786066951883923
5a091e8cd95c,1,480,0.9795279157114304
5a091e8cd95c,1,512,0.9809079853516854
bb9a3d835a94,1,224,0.9667333882723446
bb9a3d835a94,1,256,0.9664505952129144
bb9a3d835a94,1,288,0.969229128707301
bb9a3d835a94,1,320,0.972140771296797
bb9a3d835a94,1,352,0.9727370225592386
bb9a3d835a94,1,384,0.9743176483110654
bb9a3d835a94,1,416,0.9766009799494804
bb9a3d835a94,1,448,0.9779797341891003
bb9a3d835a94,1,480,0.9789061091075648
bb9a3d835a94,1,512,0.9806363789772999
3de8ad4151e1,1,224,0.9701036626528557
3de8ad4151e1,1,256,0.970184720568549
3de8ad4151e1,1,288,0.9736106602549517
3de8ad4151e1,1,320,0.9758549607389562
3de8ad4151e1,1,352,0.9760706647347629
3de8ad4151e1,1,384,0.9780014245891588
3de8ad4151e1,1,416,0.9800084662644489
3de8ad4151e1,1,448,0.9807503972814872
3de8ad4151e1,1,480,0.9819159423650557
3de8ad4151e1,1,512,0.9835703116127895
278aa860dffd,1,224,0.9658292169737096
278aa860dffd,1,256,0.9658774188992441
278aa860dffd,1,288,0.9695775269704331
278aa860dffd,1,320,0.9728683015092618
278aa860dffd,1,352,0.9733750906839137
278aa860dffd,1,384,0.9751659879516928
278aa860dffd,1,416,0.9777819155151647
278aa860dffd,1,448,0.9790874649027941
278aa860dffd,1,480,0.9799791166991828
278aa860dffd,1,512,0.9818409324666298
76e589911303,1,224,0.9728621022661341
76e589911303,1,256,0.9715762731772811
76e589911303,1,288,0.9736108111405251
76e589911303,1,320,0.9773591231595108
76e589911303,1,352,0.9780612854745916
76e589911303,1,384,0.9781898411110513
76e589911303,1,416,0.9805439302735875
76e589911303,1,448,0.9825623873817886
76e589911303,1,480,0.9825527442786339
76e589911303,1,512,0.9836011929850549
29b52f64d2db,1,224,0.9618319616274166
29b52f64d2db,1,256,0.9672240852010607
29b52f64d2db,1,288,0.9714950290317867
29b52f64d2db,1,320,0.9747873719002966
29b52f64d2db,1,352,0.9774253166969329
29b52f64d2db,1,384,0.9794312110641387
29b52f64d2db,1,416,0.9814957043435121
29b52f64d2db,1,448,0.9830124813885206
29b52f64d2db,1,480,0.9844376577721754
29b52f64d2db,1,512,0.9857097187926281
03e25101e8e8,1,224,0.9468085561812943
03e25101e8e8,1,256,0.9537476834160943
03e25101e8e8,1,288,0.9593566622621623
03e25101e8e8,1,320,0.9638267981008717
03e25101e8e8,1,352,0.967256252781247
03e25101e8e8,1,384,0.9699739901529623
03e25101e8e8,1,416,0.9722521753039333
03e25101e8e8,1,448,0.9746737808777315
03e25101e8e8,1,480,0.9768937397677728
03e25101e8e8,1,512,0.9789419907280034
66cd9c28e636,1,224,0.9723840380211364
66cd9c28e636,1,256,0.9724244701726372
66cd9c28e636,1,288,0.9749941322350723
66cd9c28e636,1,320,0.9786976570016798
66cd9c28e636,1,352,0.9798224239221682
66cd9c28e636,1,384,0.9802489223324207
66cd9c28e636,1,416,0.9825375665402739
66cd9c28e636,1,448,0.9844420815214969
66cd9c28e636,1,480,0.9846278208591986
66cd9c28e636,1,512,0.9857265609849826
80d24897669f,1,224,0.9746162833015324
80d24897669f,1,256,0.9740590918193077
80d24897669f,1,288,0.9776260888334155
80d24897669f,1,320,0.9808414776221984
80d24897669f,1,352,0.9805885610094965
80d24897669f,1,384,0.98203168123972
80d24897669f,1,416,0.9844162952388276
80d24897669f,1,448,0.9852385576454162
80d24897669f,1,480,0.985625836946915
80d24897669f,1,512,0.9872140784962374
bebb3f167654,1,224,0.9718671020171367
bebb3f167654,1,256,0.9711257912369042
bebb3f167654,1,288,0.9734484408538343
bebb3f167654,1,320,0.9772924047469136
bebb3f167654,1,352,0.9780948526759992
bebb3f167654,1,384,0.9783371931936958
bebb3f167654,1,416,0.9806871997010332
bebb3f167654,1,448,0.9826854876441076
bebb3f167654,1,480,0.9827576103557002
bebb3f167654,1,512,0.9838230408067814
49c5e7f6b8d2,1,224,0.9747065625709039
49c5e7f6b8d2,1,256,0.974419975359014
49c5e7f6b8d2,1,288,0.9756091949240956
49c5e7f6b8d2,1,320,0.9787122140052217
49c5e7f6b8d2,1,352,0.9798432850025645
49c5e7f6b8d2,1,384,0.9800528150590442
49c5e7f6b8d2,1,416,0.9817555156028499
49c5e7f6b8d2,1,448,0.9836464117100966
49c5e7f6b8d2,1,480,0.9840297615872583
49c5e7f6b8d2,1,512,0.9848956652750124
8273fdb4405e,1,224,0.9605304166540968
8273fdb4405e,1,256,0.9648927075092442
8273fdb4405e,1,288,0.9686761330036094
8273fdb4405e,1,320,0.9716604961175677
8273fdb4405e,1,352,0.9743880264550768
8273fdb4405e,1,384,0.9766247817815399
8273fdb4405e,1,416,0.9785669311020982
8273fdb4405e,1,448,0.980358238913047
8273fdb4405e,1,480,0.9818115547824411
8273fdb4405e,1,512,0.9832368450323102
4d7d6928534a,1,224,0.9709980233751215
4d7d6928534a,1,256,0.9723329561217593
4d7d6928534a,1,288,0.9744722225380684
4d7d6928534a,1,320,0.9768339579864578
4d7d6928534a,1,352,0.9776833990836389
4d7d6928534a,1,384,0.9788255133125577
4d7d6928534a,1,416,0.9805426531199244
4d7d6928534a,1,448,0.9815891684934209
4d7d6928534a,1,480,0.9824044117236836
4d7d6928534a,1,512,0.98363137071868
c4a8f2fcf6e8,1,224,0.969948241591271
c4a8f2fcf6e8,1,256,0.9707677255870844
c4a8f2fcf6e8,1,288,0.9739681019506887
c4a8f2fcf6e8,1,320,0.9785490150520129
c4a8f2fcf6e8,1,352,0.9796855922139954
c4a8f2fcf6e8,1,384,0.9800268194491588
c4a8f2fcf6e8,1,416,0.9825231808483245
c4a8f2fcf6e8,1,448,0.984644078644701
c4a8f2fcf6e8,1,480,0.9846007790796388
c4a8f2fcf6e8,1,512,0.9856652770455835
7b20210d9120,1,224,0.97887257237961
7b20210d9120,1,256,0.9781705509549806
7b20210d9120,1,288,0.9793804849352639
7b20210d9120,1,320,0.9828016493532282
7b20210d9120,1,352,0.9838606213104846
7b20210d9120,1,384,0.9837583705260968
7b20210d9120,1,416,0.9854083124462079
7b20210d9120,1,448,0.9873009525935467
7b20210d9120,1,480,0.9873432211867554
7b20210d9120,1,512,0.9880356119051655
a879c3569552,2,224,0.9544825659139117
a879c3569552,2,256,0.9610798079145245
a879c3569552,2,288,0.9666144831064575
a879c3569552,2,320,0.9697497190871109
a879c3569552,2,352,0.9743798614606716
a879c3569552,2,384,0.9761636688750416
a879c3569552,2,416,0.9795431986870342
a879c3569552,2,448,0.9804898829734691
a879c3569552,2,480,0.9831326230798489
a879c3569552,2,512,0.9838848869926575
a15590a7d774,2,224,0.9486973053989891
a15590a7d774,2,256,0.9554957664412316
a15590a7d774,2,288,0.9637903170310241
a15590a7d774,2,320,0.9686083566879856
a15590a7d774,2,352,0.9731374854845343
a15590a7d774,2,384,0.9770927851270402
a15590a7d774,2,416,0.9790489776692067
a15590a7d774,2,448,0.9819578233075551
a15590a7d774,2,480,0.9833446142552318
a15590a7d774,2,512,0.9851832460587873
222d0ac042b4,2,224,0.9796830949024982
222d0ac042b4,2,256,0.9824663921449914
222d0ac042b4,2,288,0.9841910360965549
222d0ac042b4,2,320,0.9852122537593315
222d0ac042b4,2,352,0.9857426626142283
222d0ac042b4,2,384,0.9857103928647188
222d0ac042b4,2,416,0.9859310468262672
222d0ac042b4,2,448,0.9866790217258896
222d0ac042b4,2,480,0.9875010045301053
222d0ac042b4,2,512,0.9884422891577485
fc1b1841eadf,2,224,0.9806788402002039
fc1b1841eadf,2,256,0.9792521488952484
fc1b1841eadf,2,288,0.9834044573366267
fc1b1841eadf,2,320,0.9830963606882618
fc1b1841eadf,2,352,0.9850249244365553
fc1b1841eadf,2,384,0.9863608489605249
fc1b1841eadf,2,416,0.9865038136844175
fc1b1841eadf,2,448,0.9883696241371078
fc1b1841eadf,2,480,0.9880614931433342
fc1b1841eadf,2,512,0.9897197815237121
6c315ad3d07f,2,224,0.952009542382572
6c315ad3d07f,2,256,0.9594862346680884
6c315ad3d07f,2,288,0.9656496100992155
6c315ad3d07f,2,320,0.9748582978421456
6c315ad3d07f,2,352,0.9750325024417928
6c315ad3d07f,2,384,0.9786150110570198
6c315ad3d07f,2,416,0.9816208145258402
6c315ad3d07f,2,448,0.9842574610910946
6c315ad3d07f,2,480,0.9870680183392786
6c315ad3d07f,2,512,0.988138771029608
ca7570c5925c,2,224,0.9674788645526752
ca7570c5925c,2,256,0.9717876612353373
ca7570c5925c,2,288,0.9756990355412744
ca7570c5925c,2,320,0.977133906154107
ca7570c5925c,2,352,0.9778141819526374
ca7570c5925c,2,384,0.9795005322950996
ca7570c5925c,2,416,0.9819475801804733
ca7570c5925c,2,448,0.9835080211371493
ca7570c5925c,2,480,0.9842761047389071
ca7570c5925c,2,512,0.9849995257196741
d6283ded6aea,2,224,0.973564762796466
d6283ded6aea,2,256,0.9794760024943724
d6283ded6aea,2,288,0.9790867402973914
d6283ded6aea,2,320,0.9832862335715364
d6283ded6aea,2,352,0.9830809441152695
d6283ded6aea,2,384,0.9859340759966109
d6283ded6aea,2,416,0.9858548012990802
d6283ded6aea,2,448,0.9879507015226615
d6283ded6aea,2,480,0.9880566371151426
d6283ded6aea,2,512,0.9895450519346106
686ed1dbae20,2,224,0.9774252283213736
686ed1dbae20,2,256,0.9812796504772315
686ed1dbae20,2,288,0.9804688824644536
686ed1dbae20,2,320,0.9834348987151447
686ed1dbae20,2,352,0.9838918962242922
686ed1dbae20,2,384,0.984032925518109
686ed1dbae20,2,416,0.9861106509307245
686ed1dbae20,2,448,0.9859224867812502
686ed1dbae20,2,480,0.9870310877985049
686ed1dbae20,2,512,0.9877860523102249
3f47f83217b5,2,224,0.9720488056924631
3f47f83217b5,2,256,0.9715910298212521
3f47f83217b5,2,288,0.9749440637797376
3f47f83217b5,2,320,0.9779110581102578
3f47f83217b5,2,352,0.9779964586174699
3f47f83217b5,2,384,0.9794534022669068
3f47f83217b5,2,416,0.9817052096254676
3f47f83217b5,2,448,0.9827317450297637
3f47f83217b5,2,480,0.9832917362624543
3f47f83217b5,2,512,0.9849475190693227
b6304c545f95,2,224,0.9857885415800216
b6304c545f95,2,256,0.9875795934778425
b6304c545f95,2,288,0.988822330125659
b6304c545f95,2,320,0.9897155784599357
b6304c545f95,2,352,0.9903293399753869
b6304c545f95,2,384,0.9905933743945224
b6304c545f95,2,416,0.9909109109029304
b6304c545f95,2,448,0.9914685745152144
b6304c545f95,2,480,0.9918905145953401
b6304c545f95,2,512,0.9924723497860857
0415fc68b176,2,224,0.9846622358561749
0415fc68b176,2,256,0.9868047272348005
0415fc68b176,2,288,0.9880642762966253
0415fc68b176,2,320,0.9888639007097145
0415fc68b176,2,352,0.9892252520886269
0415fc68b176,2,384,0.9892311232489543
0415fc68b176,2,416,0.9893146845096783
0415fc68b176,2,448,0.9897887983870725
0415fc68b176,2,480,0.9904021044030337
0415fc68b176,2,512,0.9910149733279724
2532613a584a,2,224,0.9472406471183865
2532613a584a,2,256,0.9537365150579724
2532613a584a,2,288,0.9595642609043075
2532613a584a,2,320,0.9644442149363852
2532613a584a,2,352,0.9684396144689801
2532613a584a,2,384,0.9720851013911463
2532613a584a,2,416,0.9749683474096489
2532613a584a,2,448,0.9774981314057962
2532613a584a,2,480,0.9796818497556233
2532613a584a,2,512,0.9814621685053735
42b08dca9b2f,2,224,0.9660489247799903
42b08dca9b2f,2,256,0.9661440813404903
42b08dca9b2f,2,288,0.9695570373327138
42b08dca9b2f,2,320,0.972832740954396
42b08dca9b2f,2,352,0.9735797212971311
42b08dca9b2f,2,384,0.9753242767613794
42b08dca9b2f,2,416,0.9779452433592571
42b08dca9b2f,2,448,0.9792542968489752
42b08dca9b2f,2,480,0.9801680559138606
42b08dca9b2f,2,512,0.9820239029162137
1177d583c807,2,224,0.9652685282908966
1177d583c807,2,256,0.9669754095552506
1177d583c807,2,288,0.9682262766629255
1177d583c807,2,320,0.9701643079824405
1177d583c807,2,352,0.9725332187234508
1177d583c807,2,384,0.9750544284564555
1177d583c807,2,416,0.9768099583607615
1177d583c807,2,448,0.9780842993653015
1177d583c807,2,480,0.9792023677214698
1177d583c807,2,512,0.9803894017010899
f3a88d3026dc,2,224,0.9523042502011314
f3a88d3026dc,2,256,0.9558742135652245
f3a88d3026dc,2,288,0.9596407344538594
f3a88d3026dc,2,320,0.9634403821735325
f3a88d3026dc,2,352,0.9671005715649744
f3a88d3026dc,2,384,0.9707804598050693
f3a88d3026dc,2,416,0.9741379847776644
f3a88d3026dc,2,448,0.9772446716529437
f3a88d3026dc,2,480,0.9799779607662384
f3a88d3026dc,2,512,0.982430078406059
7455e2b5fc57,2,224,0.9713056349604265
7455e2b5fc57,2,256,0.9740534453240223
7455e2b5fc57,2,288,0.9772380019721519
7455e2b5fc57,2,320,0.9800175080773788
7455e2b5fc57,2,352,0.9821303262919533
7455e2b5fc57,2,384,0.9836652238589393
7455e2b5fc57,2,416,0.9845731825762848
7455e2b5fc57,2,448,0.9853227788856971
7455e2b5fc57,2,480,0.986326781292566
7455e2b5fc57,2,512,0.9873642957824446
80feb1f7ca5e,2,224,0.9723713920590856
80feb1f7ca5e,2,256,0.9771668056669988
80feb1f7ca5e,2,288,0.9771434727045679
80feb1f7ca5e,2,320,0.9784774909818695
80feb1f7ca5e,2,352,0.9812163300947556
80feb1f7ca5e,2,384,0.9809321589243094
80feb1f7ca5e,2,416,0.9827177084978991
80feb1f7ca5e,2,448,0.9841157063321234
80feb1f7ca5e,2,480,0.9840446943019642
80feb1f7ca5e,2,512,0.9854900752247595
8000a6b97a84,2,224,0.9758654559177447
8000a6b97a84,2,256,0.9774075919287502
8000a6b97a84,2,288,0.9786595495025732
8000a6b97a84,2,320,0.9810742520548076
8000a6b97a84,2,352,0.9826685266810954
8000a6b97a84,2,384,0.9832531249768371
8000a6b97a84,2,416,0.9842472746118868
8000a6b97a84,2,448,0.9857785883293851
8000a6b97a84,2,480,0.9864466246463629
8000a6b97a84,2,512,0.9869690396526712
6a91eb157f47,2,224,0.9748084709152799
6a91eb157f47,2,256,0.9763297583264525
6a91eb157f47,2,288,0.9791681645276331
6a91eb157f47,2,320,0.982022030938366
6a91eb157f47,2,352,0.9830396559949234
6a91eb157f47,2,384,0.9840287143291305
6a91eb157f47,2,416,0.9856822434208624
6a91eb157f47,2,448,0.9867856370671865
6a91eb157f47,2,480,0.9871369279307561
6a91eb157f47,2,512,0.9880541192094734
aca88f566228,2,224,0.9711953006551688
aca88f566228,2,256,0.9746459848351605
aca88f566228,2,288,0.9776513009997014
aca88f566228,2,320,0.9801603390638529
aca88f566228,2,352,0.9821258140717183
aca88f566228,2,384,0.9839341401428214
aca88f566228,2,416,0.9854704378383117
aca88f566228,2,448,0.9867789291850194
aca88f566228,2,480,0.9878292394158003
aca88f566228,2,512,0.9887082475238793
069f43616fab,3,224,0.981359865991874
069f43616fab,3,256,0.9840683346845758
069f43616fab,3,288,0.9858504163269651
069f43616fab,3,320,0.9872235741607478
069f43616fab,3,352,0.9882464973142799
069f43616fab,3,384,0.9892379239158621
069f43616fab,3,416,0.9899490112667799
069f43616fab,3,448,0.9906200440027629
069f43616fab,3,480,0.9912614996962873
069f43616fab,3,512,0.9917064195232813
aea59ebec445,3,224,0.9794779609545022
aea59ebec445,3,256,0.9823504936316645
aea59ebec445,3,288,0.9824296295538324
aea59ebec445,3,320,0.9857137949450976
aea59ebec445,3,352,0.9854598731039562
aea59ebec445,3,384,0.9870132816555718
aea59ebec445,3,416,0.9883821152779833
aea59ebec445,3,448,0.9883751663986206
aea59ebec445,3,480,0.9900844925314838
aea59ebec445,3,512,0.9901603782678273
3fa4f4d77177,3,224,0.9656146677783171
3fa4f4d77177,3,256,0.9663092474658048
3fa4f4d77177,3,288,0.970335902923785
3fa4f4d77177,3,320,0.9730555827052912
3fa4f4d77177,3,352,0.9736478406184204
3fa4f4d77177,3,384,0.9758757524386562
3fa4f4d77177,3,416,0.9781385882409349
3fa4f4d77177,3,448,0.9790936060160013
3fa4f4d77177,3,480,0.9804193819955542
3fa4f4d77177,3,512,0.9821489294188718
4294a14c656a,3,224,0.9691962583200346
4294a14c656a,3,256,0.9713546851321327
4294a14c656a,3,288,0.978266555723426
4294a14c656a,3,320,0.9784962382034169
4294a14c656a,3,352,0.983013280868325
4294a14c656a,3,384,0.9834594369504883
4294a14c656a,3,416,0.9854844800116755
4294a14c656a,3,448,0.9867521505892889
4294a14c656a,3,480,0.9874874221507359
4294a14c656a,3,512,0.9891321395738185
c5a9ebef1517,3,224,0.9378583666230408
c5a9ebef1517,3,256,0.9475922079461897
c5a9ebef1517,3,288,0.9555992227396812
c5a9ebef1517,3,320,0.9619315549470162
c5a9ebef1517,3,352,0.9667727944495356
c5a9ebef1517,3,384,0.9703668394281656
c5a9ebef1517,3,416,0.9734859205532466
c5a9ebef1517,3,448,0.9764808561018621
c5a9ebef1517,3,480,0.9791576430456846
c5a9ebef1517,3,512,0.9814700139105916
b6bfe9db60e5,3,224,0.9702363463223379
b6bfe9db60e5,3,256,0.9695583439347221
b6bfe9db60e5,3,288,0.9717698519170982
b6bfe9db60e5,3,320,0.9755224090641514
b6bfe9db60e5,3,352,0.976355330218532
b6bfe9db60e5,3,384,0.9767561525118862
b6bfe9db60e5,3,416,0.9790464986475438
b6bfe9db60e5,3,448,0.9811937351644279
b6bfe9db60e5,3,480,0.981387813611842
b6bfe9db60e5,3,512,0.9825670014584404
2bb063318cf1,3,224,0.9565266554164082
2bb063318cf1,3,256,0.962121960299209
2bb063318cf1,3,288,0.9656960065258445
2bb063318cf1,3,320,0.9715373304116124
2bb063318cf1,3,352,0.9734785413265074
2bb063318cf1,3,384,0.9771060992799614
2bb063318cf1,3,416,0.9795691635174474
2bb063318cf1,3,448,0.9810978624315129
2bb063318cf1,3,480,0.9834618403609701
2bb063318cf1,3,512,0.9844332353652726
e52ed5c29c5e,3,224,0.9814549222180827
e52ed5c29c5e,3,256,0.9835682448942336
e52ed5c29c5e,3,288,0.9836639749415176
e52ed5c29c5e,3,320,0.987064285614505
e52ed5c29c5e,3,352,0.9863958378853164
e52ed5c29c5e,3,384,0.988394576182637
e52ed5c29c5e,3,416,0.9892445840573277
e52ed5c29c5e,3,448,0.9894179301452585
e52ed5c29c5e,3,480,0.9908641643287348
e52ed5c29c5e,3,512,0.9908321964641338
457c7c927e27,3,224,0.9811726500423139
457c7c927e27,3,256,0.9843101942857879
457c7c927e27,3,288,0.9863327670126835
457c7c927e27,3,320,0.9876220468874206
457c7c927e27,3,352,0.9883585497018946
457c7c927e27,3,384,0.9885720776549772
457c7c927e27,3,416,0.9888694075002998
457c7c927e27,3,448,0.9894996170762718
457c7c927e27,3,480,0.9902121253323813
457c7c927e27,3,512,0.9909036289296108
fb61230b99dd,3,224,0.9733610561890719
fb61230b99dd,3,256,0.9766410004021828
fb61230b99dd,3,288,0.9794581638144659
fb61230b99dd,3,320,0.9817831019635632
fb61230b99dd,3,352,0.9839100889063205
fb61230b99dd,3,384,0.9857210100455659
fb61230b99dd,3,416,0.9872910908447782
fb61230b99dd,3,448,0.9887171053651266
fb61230b99dd,3,480,0.9899189877195775
fb61230b99dd,3,512,0.9909131627781327
762d6e5d5068,3,224,0.9624704535173169
762d6e5d5068,3,256,0.9622374690524473
762d6e5d5068,3,288,0.9649002310747112
762d6e5d5068,3,320,0.9691415044733187
762d6e5d5068,3,352,0.9705146887530048
762d6e5d5068,3,384,0.9712939763187743
762d6e5d5068,3,416,0.9740860664876845
762d6e5d5068,3,448,0.9765552311839318
762d6e5d5068,3,480,0.9769821927256294
762d6e5d5068,3,512,0.9785197832896397
07a0e34c8d20,3,224,0.9765085141745173
07a0e34c8d20,3,256,0.9803056646519197
07a0e34c8d20,3,288,0.9827448612038346
07a0e34c8d20,3,320,0.9844476760782256
07a0e34c8d20,3,352,0.9854833647806551
07a0e34c8d20,3,384,0.9859478341349971
07a0e34c8d20,3,416,0.986445706856432
07a0e34c8d20,3,448,0.9872478138765534
07a0e34c8d20,3,480,0.9881916200351649
07a0e34c8d20,3,512,0.9890512055611248
a8e88d4891c4,3,224,0.9667614099884463
a8e88d4891c4,3,256,0.9691568929943063
a8e88d4891c4,3,288,0.9724473941017862
a8e88d4891c4,3,320,0.9758429193407417
a8e88d4891c4,3,352,0.9773286165812176
a8e88d4891c4,3,384,0.978843209785166
a8e88d4891c4,3,416,0.9810594239999124
a8e88d4891c4,3,448,0.9824115157224594
a8e88d4891c4,3,480,0.9831333536314638
a8e88d4891c4,3,512,0.9845649177253916
4c9f0fdaaef7,3,224,0.984816403323192
4c9f0fdaaef7,3,256,0.9870602319981593
4c9f0fdaaef7,3,288,0.9884135004830957
4c9f0fdaaef7,3,320,0.9893138607237207
4c9f0fdaaef7,3,352,0.9898129317571717
4c9f0fdaaef7,3,384,0.9899196531050097
4c9f0fdaaef7,3,416,0.990156207939487
4c9f0fdaaef7,3,448,0.9906408777783619
4c9f0fdaaef7,3,480,0.991156156702594
4c9f0fdaaef7,3,512,0.9917510685823291
b5834ee64541,3,224,0.9722972444438167
b5834ee64541,3,256,0.9737892523573151
b5834ee64541,3,288,0.976669105766481
b5834ee64541,3,320,0.9800277278719515
b5834ee64541,3,352,0.9818036228710575
b5834ee64541,3,384,0.9820894584893134
b5834ee64541,3,416,0.9826140686876895
b5834ee64541,3,448,0.9836896969291344
b5834ee64541,3,480,0.9855317236391956
b5834ee64541,3,512,0.9869786208035312
39aa3cd93c50,3,224,0.9577883979399096
39aa3cd93c50,3,256,0.9651477647404559
39aa3cd93c50,3,288,0.9703450948495902
39aa3cd93c50,3,320,0.9743980864215926
39aa3cd93c50,3,352,0.9776085740174311
39aa3cd93c50,3,384,0.9797308076081204
39aa3cd93c50,3,416,0.9816806801372995
39aa3cd93c50,3,448,0.9835748850364188
39aa3cd93c50,3,480,0.985269768240214
39aa3cd93c50,3,512,0.9869123051623732
6a244e855d0e,3,224,0.9798262440811877
6a244e855d0e,3,256,0.9819937352286133
6a244e855d0e,3,288,0.9837562114090554
6a244e855d0e,3,320,0.9853630365534218
6a244e855d0e,3,352,0.9866814806009
6a244e855d0e,3,384,0.9878096726327128
6a244e855d0e,3,416,0.9889506479899134
6a244e855d0e,3,448,0.9898721520403104
6a244e855d0e,3,480,0.9906605567682814
6a244e855d0e,3,512,0.991429413342057
d3e884109b45,3,224,0.9298815525189607
d3e884109b45,3,256,0.9408868267962758
d3e884109b45,3,288,0.9502332112062202
d3e884109b45,3,320,0.9574733686054709
d3e884109b45,3,352,0.9631943064671468
d3e884109b45,3,384,0.9673609145597127
d3e884109b45,3,416,0.9711150713127162
d3e884109b45,3,448,0.9745581247255922
d3e884109b45,3,480,0.9776226144885346
d3e884109b45,3,512,0.9802851781752019
38055d8b9f08,3,224,0.9610515293969891
38055d8b9f08,3,256,0.9666500924659057
38055d8b9f08,3,288,0.9712811896741554
38055d8b9f08,3,320,0.9744092162477959
38055d8b9f08,3,352,0.9765750977004585
38055d8b9f08,3,384,0.9776386135201145
38055d8b9f08,3,416,0.9785999924032375
38055d8b9f08,3,448,0.9796410823578896
38055d8b9f08,3,480,0.9809617191653308
38055d8b9f08,3,512,0.9824267454183113
6efa36d59ada,3,224,0.9623045073047298
6efa36d59ada,3,256,0.9679872063919589
6efa36d59ada,3,288,0.9724295388639886
6efa36d59ada,3,320,0.9758641589799383
6efa36d59ada,3,352,0.9786059446922449
6efa36d59ada,3,384,0.980439626701018
6efa36d59ada,3,416,0.9822125828993411
6efa36d59ada,3,448,0.9838377236976374
6efa36d59ada,3,480,0.9854639958010186
6efa36d59ada,3,512,0.9868997744399037
612f2df37a1d,4,224,0.9680715863152113
612f2df37a1d,4,256,0.9723375199206868
612f2df37a1d,4,288,0.9752041510845254
612f2df37a1d,4,320,0.9775854897359485
612f2df37a1d,4,352,0.9788343541856308
612f2df37a1d,4,384,0.9799044166094882
612f2df37a1d,4,416,0.9808081188047293
612f2df37a1d,4,448,0.9821078877483158
612f2df37a1d,4,480,0.9834356086104837
612f2df37a1d,4,512,0.9847638279172657
66a0bf258013,4,224,0.9634978795133521
66a0bf258013,4,256,0.9671066685329147
66a0bf258013,4,288,0.9682855829886111
66a0bf258013,4,320,0.9689976139241773
66a0bf258013,4,352,0.9713422382448096
66a0bf258013,4,384,0.9738888742949199
66a0bf258013,4,416,0.9751590252631186
66a0bf258013,4,448,0.9761660843913315
66a0bf258013,4,480,0.9779439478520775
66a0bf258013,4,512,0.9797337877147035
3ee4841936ef,4,224,0.9680804760420182
3ee4841936ef,4,256,0.9680790779150746
3ee4841936ef,4,288,0.9714404220883379
3ee4841936ef,4,320,0.9753688825924643
3ee4841936ef,4,352,0.9761324966740094
3ee4841936ef,4,384,0.9772158088922615
3ee4841936ef,4,416,0.979752593670887
3ee4841936ef,4,448,0.9814819696487594
3ee4841936ef,4,480,0.9819979514900696
3ee4841936ef,4,512,0.9834611920500799
d271d3a2b552,4,224,0.9718955056299351
d271d3a2b552,4,256,0.9719259014558987
d271d3a2b552,4,288,0.9747451846456038
d271d3a2b552,4,320,0.9790396586092768
d271d3a2b552,4,352,0.979945237801883
d271d3a2b552,4,384,0.9802558227975322
d271d3a2b552,4,416,0.9827283361950949
d271d3a2b552,4,448,0.9847419502803911
d271d3a2b552,4,480,0.9847092238773905
d271d3a2b552,4,512,0.9856974405728237
46cdc8b685bd,4,224,0.9610745157641074
46cdc8b685bd,4,256,0.9693641352018563
46cdc8b685bd,4,288,0.9709486554580855
46cdc8b685bd,4,320,0.976202729749706
46cdc8b685bd,4,352,0.9774678160653398
46cdc8b685bd,4,384,0.9809796784878236
46cdc8b685bd,4,416,0.9819362677053255
46cdc8b685bd,4,448,0.9841188304905453
46cdc8b685bd,4,480,0.9851055009004784
46cdc8b685bd,4,512,0.9864476428317582
d0b132d2c7ec,4,224,0.9436142017836253
d0b132d2c7ec,4,256,0.9488090385760296
d0b132d2c7ec,4,288,0.9540747511702018
d0b132d2c7ec,4,320,0.9590165655231435
d0b132d2c7ec,4,352,0.9636892578118994
d0b132d2c7ec,4,384,0.9681277386253616
d0b132d2c7ec,4,416,0.9721087326759404
d0b132d2c7ec,4,448,0.9755863922159459
d0b132d2c7ec,4,480,0.9787218082466972
d0b132d2c7ec,4,512,0.9812292922277606
0318598cfd16,4,224,0.9709333720965481
0318598cfd16,4,256,0.9756140396733143
0318598cfd16,4,288,0.9789614286256891
0318598cfd16,4,320,0.9811352545862666
0318598cfd16,4,352,0.9823590755988653
0318598cfd16,4,384,0.9829861009317421
0318598cfd16,4,416,0.983652584972608
0318598cfd16,4,448,0.9847757484162588
0318598cfd16,4,480,0.9859074601434058
0318598cfd16,4,512,0.9870830112521641
312694ea8e6a,4,224,0.9617855920036841
312694ea8e6a,4,256,0.962121695009265
312694ea8e6a,4,288,0.9660953231613111
312694ea8e6a,4,320,0.9689606187211015
312694ea8e6a,4,352,0.9695493070154515
312694ea8e6a,4,384,0.9717945822778556
312694ea8e6a,4,416,0.974206915426898
312694ea8e6a,4,448,0.9754063113517658
312694ea8e6a,4,480,0.9767957053433257
312694ea8e6a,4,512,0.978731175446587
247e98aba610,4,224,0.9568621324428089
247e98aba610,4,256,0.9575642194941555
247e98aba610,4,288,0.9618409719839595
247e98aba610,4,320,0.9641614092927793
247e98aba610,4,352,0.9645896219423029
247e98aba610,4,384,0.967602456602735
247e98aba610,4,416,0.970049480634962
247e98aba610,4,448,0.9708882908103713
247e98aba610,4,480,0.9730194667531357
247e98aba610,4,512,0.9752522390913284
7270367410a1,4,224,0.9703461506437873
7270367410a1,4,256,0.9720481621131698
7270367410a1,4,288,0.9774966053873019
7270367410a1,4,320,0.9798711030858633
7270367410a1,4,352,0.9815351123495228
7270367410a1,4,384,0.9850435397459554
7270367410a1,4,416,0.9848931711614071
7270367410a1,4,448,0.987755860943322
7270367410a1,4,480,0.9876438512914956
7270367410a1,4,512,0.9893038707479515
bfefa7344e7d,4,224,0.9261106564279296
bfefa7344e7d,4,256,0.9324090614014211
bfefa7344e7d,4,288,0.938575303155801
bfefa7344e7d,4,320,0.9443410339284696
bfefa7344e7d,4,352,0.9503979646929919
bfefa7344e7d,4,384,0.9559256403319523
bfefa7344e7d,4,416,0.9611858214565802
bfefa7344e7d,4,448,0.9659205043651691
bfefa7344e7d,4,480,0.9702667437204596
bfefa7344e7d,4,512,0.9739386805523719
df4aec4a0eaf,4,224,0.9534002374129966
df4aec4a0eaf,4,256,0.9584998509756103
df4aec4a0eaf,4,288,0.9630082974332776
df4aec4a0eaf,4,320,0.9670025434532571
df4aec4a0eaf,4,352,0.9704378952159074
df4aec4a0eaf,4,384,0.9731227278084097
df4aec4a0eaf,4,416,0.9756344029192264
df4aec4a0eaf,4,448,0.9777123550823131
df4aec4a0eaf,4,480,0.9796138012967169
df4aec4a0eaf,4,512,0.9811934213754764
c3d12a23f451,4,224,0.9653980222448542
c3d12a23f451,4,256,0.9705028093765838
c3d12a23f451,4,288,0.9743163019131075
c3d12a23f451,4,320,0.9772260505026359
c3d12a23f451,4,352,0.9794028064525424
c3d12a23f451,4,384,0.9807857069272394
c3d12a23f451,4,416,0.9822020962248851
c3d12a23f451,4,448,0.9837143272371316
c3d12a23f451,4,480,0.9852302412662498
c3d12a23f451,4,512,0.9865971678033734
576e189d23d4,4,224,0.967935750940258
576e189d23d4,4,256,0.9702662631486868
576e189d23d4,4,288,0.9732331865378824
576e189d23d4,4,320,0.9758906448662944
576e189d23d4,4,352,0.977033019627899
576e189d23d4,4,384,0.9784327032953241
576e189d23d4,4,416,0.9801585958411283
576e189d23d4,4,448,0.9812743810069107
576e189d23d4,4,480,0.9822143709460254
576e189d23d4,4,512,0.9834767160912614
a0cd7bffdaa0,4,224,0.9522918503460986
a0cd7bffdaa0,4,256,0.9549224182441858
a0cd7bffdaa0,4,288,0.9578389350641501
a0cd7bffdaa0,4,320,0.9612451595297004
a0cd7bffdaa0,4,352,0.9647184495001331
a0cd7bffdaa0,4,384,0.9681807300718265
a0cd7bffdaa0,4,416,0.9717883309344205
a0cd7bffdaa0,4,448,0.9750253931747962
a0cd7bffdaa0,4,480,0.977877041926978
a0cd7bffdaa0,4,512,0.9804454692934476
1efa5d443707,4,224,0.9747964074548449
1efa5d443707,4,256,0.9779289007964064
1efa5d443707,4,288,0.9805051177411378
1efa5d443707,4,320,0.9827712968415685
1efa5d443707,4,352,0.9847058131268073
1efa5d443707,4,384,0.9863322129218142
1efa5d443707,4,416,0.9877742410863477
1efa5d443707,4,448,0.9890420985288946
1efa5d443707,4,480,0.9900572512938662
1efa5d443707,4,512,0.9910029216193416
6f923b60934b,4,224,0.9751520847851545
6f923b60934b,4,256,0.977885270952904
6f923b60934b,4,288,0.9791437075709771
6f923b60934b,4,320,0.979828704896756
6f923b60934b,4,352,0.980450922689142
6f923b60934b,4,384,0.9813903119196824
6f923b60934b,4,416,0.9825973819132567
6f923b60934b,4,448,0.9842311100267086
6f923b60934b,4,480,0.9857324550769497
6f923b60934b,4,512,0.9869182265019102
e23add229074,4,224,0.9669854993569442
e23add229074,4,256,0.9705531844892294
e23add229074,4,288,0.9774567943155207
e23add229074,4,320,0.9781756709894575
e23add229074,4,352,0.9831286846532052
e23add229074,4,384,0.983168474572364
e23add229074,4,416,0.9862524327201105
e23add229074,4,448,0.9868264561577892
e23add229074,4,480,0.9883499221873695
e23add229074,4,512,0.9894848613605826
0083ee8054ee,4,224,0.9626945634312096
0083ee8054ee,4,256,0.9673561279119546
0083ee8054ee,4,288,0.9718302032890823
0083ee8054ee,4,320,0.9750029085938341
0083ee8054ee,4,352,0.9777234243871248
0083ee8054ee,4,384,0.9795624863649929
0083ee8054ee,4,416,0.9814114159391197
0083ee8054ee,4,448,0.9826384828485246
0083ee8054ee,4,480,0.9838787304426593
0083ee8054ee,4,512,0.9849403271558315
b77b8a1f09f1,4,224,0.9764808558221709
b77b8a1f09f1,4,256,0.9775318442363811
b77b8a1f09f1,4,288,0.9778049838934395
b77b8a1f09f1,4,320,0.9812894842198752
b77b8a1f09f1,4,352,0.9836944506621634
b77b8a1f09f1,4,384,0.9838075882995477
b77b8a1f09f1,4,416,0.9845761678656434
b77b8a1f09f1,4,448,0.9868162169058078
b77b8a1f09f1,4,480,0.987662484862039
b77b8a1f09f1,4,512,0.9879741269060637
