id_code,grade,local_contrast_resize_only,local_contrast_clahe,local_contrast_ben_graham
90960ddf4d14,0,5.421,10.595,17.521
4e0656629d02,1,5.94,11.08,18.502
3b018e8b7303,3,6.205,12.124,20.407
55eb405ec71e,4,5.41,11.136,16.859
207dd0487264,0,5.216,10.447,18.043
1d74c4713e21,0,6.583,10.877,19.67
eb175669d789,0,4.443,8.419,13.481
b49b2fac2514,4,5.429,10.437,18.908
4a44cc840ebe,2,3.072,6.139,9.79
d6283ded6aea,2,4.383,8.394,14.863
29d059522fa1,0,5.807,11.691,20.517
3908b3cfd620,0,5.918,11.563,20.645
5486da4273d7,2,5.087,10.05,16.745
51d574513bcb,2,5.565,10.917,17.85
a47878630dc2,2,3.507,6.248,10.297
83517eaeccb9,0,6.624,11.922,22.779
e5f73f2855c0,0,4.311,9.074,14.908
63b71347e95d,0,5.076,9.991,17.157
e1b8acb1cea1,0,6.161,11.575,19.724
3f6bccf21ce8,0,6.223,12.054,21.376
b72f59b85f7c,0,6.077,11.453,19.979
c013e869acce,0,8.933,15.949,28.863
0243404e8a00,4,6.205,12.127,20.405
494fc9c745a3,1,4.309,8.883,14.23
4da2961e62fe,1,7.658,14.456,24.881
a49b0b4484ea,2,4.721,9.18,14.464
9da74370835a,2,6.118,12.01,21.259
59e5212f7139,1,4.345,8.367,13.948
3c72f580d4ba,1,4.497,9.092,15.864
cf8f1bc7a215,0,4.967,10.426,16.259
b06dabab4f09,2,4.271,8.965,13.874
6c2555a9cae4,2,4.138,8.039,12.588
7adfb8fc0621,0,6.126,11.576,20.359
0d8f60ed9280,0,4.909,9.639,15.118
8d4ff745a409,0,5.753,11.568,19.571
7efc91af4ae6,4,5.804,9.597,14.147
7a39c91416e2,0,6.166,12.298,20.966
014508ccb9cb,0,5.932,11.181,16.809
9b0eb9f41da4,2,6.53,10.606,18.285
3323fd59782e,0,4.243,8.975,14.717
62318d514160,4,5.714,11.293,17.915
5d74f98d62be,4,5.151,9.474,15.476
9858cc2ae073,0,6.794,11.652,20.644
bc73ce76ec43,1,5.972,11.248,20.994
a0267206d51e,2,5.448,9.456,17.469
26463a5fb949,4,4.129,8.81,13.031
435414ccccf7,0,8.174,14.955,26.818
7b49041cbf17,3,10.499,19.073,33.334
fca1a8738b8a,0,4.852,9.72,16.435
0af296d2f04a,2,7.154,13.019,24.32
1633f8291a80,0,5.003,10.596,15.88
c87493ed320c,2,3.675,7.533,12.046
fa573163dd8b,0,4.566,9.171,15.324
093a42649c29,3,5.53,10.752,18.755
19b0e3c734f5,0,4.76,9.403,16.487
69591ebb198d,2,4.839,9.913,16.925
3af9aaa880e9,0,5.488,10.73,18.691
f9d8ff3e6592,0,6.518,11.609,20.235
ff344e5c9341,2,5.751,10.28,18.53
8446826853d0,2,5.649,10.063,18.738
e9ab8413e771,4,5.752,10.626,18.266
8a9bef2fbd4e,3,5.514,10.899,18.315
b762c29cf2f3,2,5.428,10.548,18.504
4860f7813654,0,3.705,7.695,11.873
ca360bec5851,2,6.754,13.84,21.778
912fbe06407e,0,5.542,11.022,19.736
18621b9ca978,0,4.8,9.623,14.476
5ce5eeaf757a,0,7.615,13.041,21.227
1409ab48175a,0,4.988,9.857,16.963
bd375ba756b1,0,5.823,10.059,17.475
086d41d17da8,1,5.824,12.042,19.977
e9faf0296643,0,10.267,17.3,32.045
144b01e7b993,2,4.877,9.364,15.978
1d14dd912671,2,3.637,7.519,12.14
03ff7d159f10,2,3.725,7.61,12.238
01f7bb8be950,0,6.063,11.961,19.476
6a2642131e4a,0,4.978,10.0,16.257
359bab5d784b,0,5.783,11.082,20.04
8ff2733f6aef,2,2.58,5.342,8.729
f4d3169b468a,0,5.621,10.874,18.57
201f6e10c108,0,4.923,9.822,17.011
1ca35d483772,0,4.192,8.456,14.506
300305ce82d2,2,4.653,9.086,15.179
cd5714db652d,1,4.621,8.331,15.157
657859f893d9,2,6.146,11.367,19.207
7bda86d95c5b,2,7.211,13.693,24.665
cfb17a7cc8d4,0,4.776,8.976,16.584
1da25637859b,2,6.271,12.126,21.671
07751b94a88a,0,5.82,11.584,20.512
0fbbd665431f,0,4.013,9.124,13.325
0e82bcacc475,4,4.204,8.223,13.451
b7ce561a7328,0,5.526,10.817,19.075
f4ea2a2cfbb9,0,4.846,9.458,16.346
df84e7113003,4,4.997,9.469,16.528
27fca9f12b3c,2,6.184,11.567,20.322
a484bdf85b4c,0,5.027,10.205,17.532
5f13e8a07344,3,5.936,11.709,19.6
5b5b80a3edee,4,6.308,12.347,19.161
99c626e58464,0,7.196,12.427,21.375
184a185e7447,0,5.112,8.858,14.89
d2d523e9f669,0,8.535,14.527,24.223
8688f3d0fcaf,3,5.289,9.634,17.691
639915f58a2f,0,5.476,11.197,18.92
96d48b073f18,2,6.89,11.804,21.105
bf7b4eae7ad0,0,4.88,9.912,16.873
54dc6e8107cd,2,6.805,11.309,20.146
b22cc1bf0b8a,0,5.804,11.057,18.561
d88806d9ece9,2,3.857,7.494,12.205
5814cbd2e9bf,0,4.959,9.644,17.139
cae51154e1ce,1,1.685,4.133,5.707
b60dbf9f0744,2,4.365,8.676,14.441
65c958379680,4,4.267,8.792,13.952
ca9c912ebad7,2,3.036,6.283,10.306
025a169a0bb0,2,4.848,9.498,15.024
8241e43408a8,0,5.068,10.338,17.321
17eb5d4ad740,2,5.967,10.791,19.044
12ce6a1a1f31,1,5.026,9.702,16.597
cb75210abebe,2,7.366,12.995,23.868
fc898dfeb24f,0,5.068,8.784,15.677
840a06a9c690,0,5.655,10.75,18.927
d871895742b1,0,5.664,11.152,17.311
8dba09a4e5ed,2,4.251,7.923,13.787
c739ff9580d3,1,4.657,9.042,15.976
4818672273af,2,3.23,6.531,11.224
79540be95177,2,4.343,8.561,14.746
eedae6b28f96,0,7.577,14.421,23.571
b759cbef90c5,0,4.57,9.521,15.994
b294927b14b0,0,5.412,10.875,18.649
62e6f814c8f5,2,6.369,11.77,20.894
20688cb25704,2,5.099,9.988,17.614
4318b6adeb97,0,6.352,10.886,20.102
9fab29e69a6b,4,7.0,13.139,21.433
9e99ae6ee7af,0,5.516,10.845,19.002
cd8da43e3069,0,6.005,11.211,19.471
ed3ce1674761,0,4.4,8.802,14.808
9041eb43456e,2,6.123,10.804,19.595
8af50c9d0a86,0,7.653,14.132,24.535
0551676cc2aa,0,4.923,9.192,15.83
85f99e7e4052,0,5.917,10.371,17.882
ad029ba7fa8b,0,3.898,7.185,9.659
269f0792f11f,2,5.696,10.335,17.348
1638404f385c,4,5.256,10.277,17.113
61bbe8db6f3a,1,3.912,8.229,13.02
5d024177e214,2,4.82,9.031,16.075
71f6a6e4620a,1,5.273,10.156,17.758
3b9c1f42c2f2,2,5.739,10.674,18.691
cbc2e57447c2,2,4.554,9.101,15.507
f994a3b07935,0,3.99,7.863,13.23
dbfd238b3468,3,6.485,12.106,19.815
d9ba044671e1,4,4.4,8.497,14.288
4cde86044ad1,0,6.392,11.688,21.189
e3b47ed5b511,0,5.131,10.148,17.832
1a1e974a7dbf,0,6.362,12.677,22.214
0daddc45d832,0,4.877,9.696,16.492
500aad15b7c8,0,7.944,12.467,23.099
8b8fe3fc8950,0,5.875,11.199,18.151
ff1e940105f9,0,2.717,6.26,9.496
15f440753916,3,6.723,11.923,21.48
698d6e422a80,2,8.003,14.302,24.917
7526c59c36d3,0,7.316,12.91,24.489
7ed4128b2a4e,0,6.598,12.592,22.274
537e5c578f40,0,5.04,10.408,16.308
c1819db0aece,0,3.579,7.527,11.872
5090917a2676,1,6.781,12.522,21.671
0cbcc7b23613,0,4.492,8.289,13.291
1f3f32efaf20,0,4.596,9.287,15.583
946545473380,0,4.943,9.986,17.027
b549af91bd30,0,4.276,9.129,15.467
5327f88a1919,2,4.162,8.26,13.098
73ef3c3dcbe4,0,5.367,10.277,17.499
6f460f9968c7,0,5.697,11.239,19.971
187f6ccda87a,4,6.825,12.81,22.588
360832d84ce0,0,3.516,8.13,11.487
f45f1485c940,2,3.817,7.385,12.538
54bdcdecd8f3,0,7.676,13.377,23.425
0a09aa7356c0,2,4.814,9.242,15.183
cec299c2a2d5,0,4.655,9.201,14.974
b5a3ca5c0a80,0,6.728,12.952,23.207
1541226c5d72,2,5.049,10.099,17.105
10f10fd30718,0,4.618,9.21,15.336
d18f6431ebce,0,5.131,10.105,16.991
a07d571bf7ba,0,7.718,13.763,22.323
4df6a81b476e,3,6.803,12.569,21.472
b3c0c3330278,2,3.916,7.871,11.935
9c514d2d5b3f,0,4.905,9.848,16.915
cfdbaef73a8b,0,7.016,11.889,20.255
2dd28ac497d2,0,5.432,11.288,18.565
1db6bb46c102,0,5.431,10.962,19.011
35df2bc6ae95,0,5.038,10.359,17.974
f252046c0fe6,0,5.082,10.695,16.469
03fd50da928d,2,6.83,12.071,20.57
9c52b87d01f1,3,4.227,9.09,13.919
5de4615a5161,0,4.896,9.597,16.889
ea588d1e5d96,2,5.262,10.276,17.604
add1d681d712,2,5.15,9.841,16.527
e39b627cf648,4,7.033,12.808,22.778
b019a49787c1,3,4.742,9.412,14.373
39aa3cd93c50,3,6.332,11.623,19.162
f850cb51fdba,4,4.888,10.112,16.329
b3819a805dca,4,6.384,11.268,18.988
